date,open,high,low,volume,close,return
2013-12-17,1.9045643,1.9399979,1.8620437,14140563.0,1.9196236,0.004170583656252225
2013-12-18,1.9072219,1.9222813,1.8788748,12107642.0,1.9143087,-0.0027687198677907032
2013-12-19,1.9311395,1.9311395,1.860272,10738033.0,1.8762172,-0.01989830584795449
2013-12-20,1.8762172,1.883304,1.8018063,16419599.0,1.8354683,-0.021718647499873622
2013-12-23,1.8292673,1.835468,1.7362537,14445088.0,1.8257239,-0.0053089448616464585
2013-12-24,1.8416693,1.9488564,1.8168657,18343628.0,1.8895048,0.03493458129128957
2013-12-25,1.8895049,1.9311396,1.8691306,9898832.0,1.9036784,0.007501224659498096
2013-12-26,1.9160802,1.9160802,1.8753314,9910449.0,1.8824182,-0.011167957781104132
2013-12-27,1.8921624,1.9196236,1.8469844,23111082.0,1.8868473,0.0023528778036676634
2013-12-30,1.877989,1.8965917,1.8159798,24824014.0,1.8531853,-0.017840341399115833
2013-12-31,1.8531855,1.8815324,1.8230667,19367960.0,1.8647014,0.006214219376767138
2014-01-02,1.8558427,2.051614,1.853185,97311910.0,2.051614,0.10023728195838744
2014-01-03,2.1083083,2.25713,2.0959065,173106640.0,2.25713,0.10017283953024325
2014-01-06,2.3005364,2.320025,2.183605,101068520.0,2.25713,0.0
2014-01-07,2.251815,2.4449291,2.1269112,128373690.0,2.4183538,0.07142867269497111
2014-01-08,2.38292,2.621212,2.3528013,119103380.0,2.3660889,-0.021611767475875676
2014-01-09,2.38292,2.4307556,2.3324268,81231800.0,2.4024086,0.015350099482737134
2014-01-10,2.355459,2.3563447,2.2172673,90009560.0,2.2465003,-0.06489666245783487
2014-01-13,2.2500434,2.2766187,2.2057512,59575184.0,2.2553582,0.003942977439175044
2014-01-14,2.245614,2.3457143,2.1853766,70421290.0,2.3395133,0.03731340768841074
2014-01-15,2.302308,2.4183536,2.2783902,106892690.0,2.4139242,0.031806145320909085
2014-01-16,2.4139245,2.4697325,2.3740613,67169090.0,2.3802624,-0.01394484549266295
2014-01-17,2.3403995,2.410381,2.2854772,49695410.0,2.394436,0.005954637606341073
2014-01-20,2.3563447,2.3687465,2.2819338,36989860.0,2.3049657,-0.03736591832063996
2014-01-21,2.2925637,2.3377416,2.2084086,69807650.0,2.3262258,0.009223607969524261
2014-01-22,2.296993,2.3696322,2.2589016,64376216.0,2.2934494,-0.014089947760015376
2014-01-23,2.2890203,2.2890203,2.1862626,109984830.0,2.205751,-0.03823864611968342
2014-01-24,2.2057512,2.2456143,2.196007,74146264.0,2.2314408,0.011646736190984441
2014-01-27,2.212838,2.2216964,2.1242535,98969680.0,2.2084088,-0.010321582360598658
2014-01-28,2.2137237,2.2146096,2.0108654,127070390.0,2.0489566,-0.07220230239980929
2014-01-29,2.0445273,2.0631301,1.9825183,94280856.0,2.0037787,-0.02204922251647501
2014-01-30,2.0179522,2.028582,1.9355686,71432660.0,1.9639156,-0.019893963340362752
2014-02-07,1.9506282,2.081733,1.9506282,96358936.0,2.0808473,0.0595400841054472
2014-02-10,2.09945,2.1862628,2.09945,125715380.0,2.1703176,0.04299705221041461
2014-02-11,2.1827192,2.222582,2.1145093,104112220.0,2.1366553,-0.015510310564684215
2014-02-12,2.1490571,2.211952,2.109194,71105170.0,2.2030935,0.03109448678970339
2014-02-13,2.1703174,2.1968925,2.081733,68295170.0,2.0843906,-0.05388010086725792
2014-02-14,2.081733,2.1224816,2.0117512,58354780.0,2.1189384,0.01657453262358799
2014-02-17,2.13134,2.2473857,2.13134,149471000.0,2.211066,0.04347818700156636
2014-02-18,2.2899065,2.3279977,2.2199247,155375340.0,2.258016,0.02123410156006189
2014-02-19,2.2163813,2.2482715,2.165888,109013900.0,2.1933494,-0.028638681036804114
2014-02-20,2.1986644,2.2651026,2.1986644,124745380.0,2.2314408,0.01736677248048135
2014-02-21,2.2146096,2.2154953,2.1224818,87009390.0,2.1366553,-0.042477264017042216
2014-02-24,2.1153948,2.1153948,2.0223813,114854150.0,2.0427558,-0.043946957658542285
2014-02-25,2.0427556,2.0967922,1.8381258,130967780.0,1.8611578,-0.08889853598751263
2014-02-26,1.8779889,1.9231669,1.7982628,85504344.0,1.8895048,0.0152308417910616
2014-02-27,1.9098793,1.9205096,1.8124365,71257976.0,1.8372402,-0.027660474850341732
2014-02-28,1.8363543,1.8868474,1.7894046,44819004.0,1.8602722,0.01253619423306751
2014-03-03,1.8629296,1.9125369,1.860272,43509250.0,1.8992492,0.020952310097414717
2014-03-04,1.8912766,1.8921624,1.8159798,52463890.0,1.8540711,-0.023787347126432934
2014-03-05,1.8585002,1.8992492,1.842555,56487068.0,1.888619,0.018633535682639035
2014-03-06,1.8948201,1.9036787,1.8452129,43341924.0,1.8939342,0.002814331530075709
2014-03-07,1.9010206,1.9072217,1.854957,33222968.0,1.8709022,-0.012160929350132577
2014-03-10,1.860272,1.860272,1.7566283,48280240.0,1.7699159,-0.05397732708850311
2014-03-11,1.7646008,1.768144,1.7017057,45900196.0,1.734482,-0.02002010378007224
2014-03-12,1.7176511,1.7566283,1.7096784,28216510.0,1.7273954,-0.004085715504686727
2014-03-13,1.7273955,1.7557425,1.723852,25462354.0,1.7530851,0.014871927990545819
2014-03-14,1.7521989,1.7964911,1.7353679,35763770.0,1.7885185,0.020212025075108997
2014-03-18,1.8345824,1.854957,1.798263,30216568.0,1.8106649,0.012382538956124955
2014-03-19,1.7982628,1.8363541,1.7902902,20951978.0,1.803578,-0.0039139765729152565
2014-03-20,1.8035779,1.8133221,1.7096784,28929786.0,1.7539706,-0.027504992853095378
2014-03-21,1.7318245,1.7964913,1.6919616,36144790.0,1.7947196,0.02323243046377188
2014-03-24,1.7982628,1.8115506,1.7619432,28751446.0,1.7911761,-0.0019744031323891686
2014-03-25,1.7894044,1.8274955,1.774345,35520240.0,1.824838,0.01879318287018239
2014-03-26,1.8292676,1.8753316,1.8292676,41323644.0,1.8310394,0.0033983290571546476
2014-03-27,1.8257242,1.8257242,1.7424549,52494464.0,1.7504275,-0.04402521322042552
2014-03-28,1.7442266,1.7539707,1.7008202,31215254.0,1.7017059,-0.02783411480909659
2014-03-31,1.7096786,1.7167654,1.6609572,23270162.0,1.6972768,-0.0026027411669666822
2014-04-01,1.6981628,1.7273957,1.6955051,16695876.0,1.7256238,0.01670145965584391
2014-04-02,1.7282814,1.7610575,1.7017059,17693062.0,1.735368,0.005646769591379108
2014-04-03,1.7433408,1.7628294,1.714994,30041692.0,1.7451127,0.005615350749812009
2014-04-04,1.7300532,1.7964915,1.7291673,31602578.0,1.782318,0.021319711901701233
2014-04-08,1.7832036,1.8673589,1.781432,70444260.0,1.8372402,0.03081503974038302
2014-04-15,1.8407835,2.0206096,1.8390118,191344960.0,2.0206096,0.09980698223346063
2014-04-16,2.0108654,2.0471852,1.9222811,159490300.0,2.0268106,0.0030688758481600686
2014-04-17,2.0028932,2.08882,2.0002356,151846820.0,2.0728748,0.02272743195639504
2014-04-18,2.059587,2.083505,2.036555,80890984.0,2.064016,-0.004273678275214743
2014-04-21,2.0241532,2.2057512,2.019724,139745900.0,2.082619,0.009013011527042591
2014-04-22,2.081733,2.1012213,1.98429,98237080.0,2.098564,0.00765622516648512
2014-04-23,2.0950205,2.1968925,2.0719886,132320210.0,2.1579154,0.02828191086857479
2014-04-24,2.1703174,2.196007,2.1189387,87577180.0,2.1596873,0.0008211165275524568
2014-04-25,2.1304545,2.1809478,2.1260254,81005470.0,2.1269112,-0.015176317423360342
2014-04-28,2.0711029,2.09945,1.9931488,67226350.0,2.0631304,-0.029987523691633156
2014-04-29,2.0418699,2.2340982,2.0418699,71729830.0,2.2208104,0.076427549126318
2014-04-30,2.2137237,2.2305548,2.1747465,65281584.0,2.18892,-0.014359803070086441
2014-05-05,2.183605,2.2987647,2.1729748,73450720.0,2.2766185,0.040064735120516115
2014-05-06,2.2943356,2.4183536,2.2659886,122803940.0,2.382034,0.046303541853850216
2014-05-07,2.3908925,2.417468,2.303194,71465660.0,2.3448286,-0.01561917252230649
2014-05-08,2.3129385,2.4360707,2.3076234,71142590.0,2.3173676,-0.011711303760112868
2014-05-09,2.3120525,2.3439426,2.2465,60408444.0,2.273961,-0.018730994599216788
2014-05-12,2.2934496,2.38292,2.286363,55285264.0,2.381148,0.04713669231794215
2014-05-13,2.3944361,2.433413,2.3386278,69167256.0,2.3474863,-0.014136752524412599
2014-05-14,2.3501437,2.3740613,2.3173673,40255428.0,2.3403993,-0.003018973955247306
2014-05-15,2.3368556,2.347486,2.2252395,71717580.0,2.2686458,-0.03065865726416861
2014-05-16,2.2704175,2.3005362,2.2075226,42012704.0,2.2589016,-0.004295161457112284
2014-05-19,2.2491577,2.270418,2.2013223,45808892.0,2.2163815,-0.018823352022062534
2014-05-20,2.2340982,2.3129385,2.2340982,39418380.0,2.3023083,0.03876895742001096
2014-05-21,2.2854767,2.3882346,2.2589014,45212084.0,2.3598876,0.02500937863100261
2014-05-22,2.3643174,2.412153,2.3306553,42211376.0,2.3368561,-0.009759574989927522
2014-05-23,2.3359702,2.4245546,2.3271117,51135176.0,2.4210112,0.03601210190049797
2014-05-26,2.4139245,2.5051663,2.3846915,64484664.0,2.4316413,0.004390768617674956
2014-05-27,2.4316413,2.4971938,2.4112668,50032130.0,2.4945362,0.025865204707618883
2014-05-28,2.4980798,2.6070385,2.4812489,56559040.0,2.5804632,0.0344460826024493
2014-05-29,2.582235,2.593751,2.3988652,49751970.0,2.4679613,-0.04359756031397788
2014-05-30,2.478591,2.5716047,2.422783,44820476.0,2.4856777,0.007178556649166445
2014-06-03,2.511367,2.5494585,2.444929,39792264.0,2.5281982,0.017106200051599574
2014-06-04,2.5335133,2.5335133,2.3784907,40772450.0,2.4608743,-0.026629201776980915
2014-06-05,2.450244,2.506938,2.381148,43434348.0,2.490993,0.012239024154951705
2014-06-06,2.480363,2.5326276,2.4422715,34784436.0,2.5069382,0.006401142034522023
2014-06-09,2.5219972,2.5219972,2.4369562,19991606.0,2.450244,-0.022614917272392288
2014-06-10,2.4272118,2.4980795,2.2721891,49709412.0,2.3988647,-0.020969054510489693
2014-06-11,2.3846917,2.4591026,2.38292,21434534.0,2.456445,0.024003146154929045
2014-06-12,2.422783,2.4573307,2.3288836,38107440.0,2.3829198,-0.029931547419136284
2014-06-13,2.3696325,2.5069382,2.366089,39194104.0,2.4679613,0.03568794048377111
2014-06-16,2.4741616,2.5600884,2.4537873,38945364.0,2.5450292,0.031227353524546864
2014-06-17,2.5335133,2.6132393,2.4989655,27820638.0,2.5352852,-0.0038286397657048
2014-06-18,2.5352852,2.6575317,2.5352852,38503784.0,2.6566458,0.04786861848915458
2014-06-19,2.6442437,2.6708188,2.5202255,35736708.0,2.5698328,-0.03267767197268079
2014-06-20,2.5721633,2.5927765,2.5058427,20353558.0,2.5856068,0.0061381425281832325
2014-06-23,2.5972571,2.7433417,2.5694742,38187720.0,2.728106,0.05511247881928538
2014-06-24,2.6976345,2.8051813,2.6931534,30978736.0,2.7182477,-0.0036136059229369133
2014-06-25,2.7469265,2.7469265,2.6528232,14290992.0,2.6985307,-0.007253570011298116
2014-06-26,2.67971,2.7953227,2.676125,16981412.0,2.7809832,0.030554590318353725
2014-06-27,2.7926342,2.8302755,2.7155588,20075538.0,2.7334833,-0.017080254206497947
2014-06-30,2.700323,2.7729173,2.6985307,17797168.0,2.763955,0.011147571305813342
2014-07-01,2.7406535,3.0399923,2.7406535,44115012.0,3.0373037,0.0988976665683774
2014-07-02,3.0211713,3.0874922,2.9808412,25461422.0,3.0462658,0.0029506762856805757
2014-07-03,3.036407,3.0901802,3.0023503,21818898.0,3.0399916,-0.0020596364243724574
2014-07-04,3.0068312,3.0462651,2.8688126,35546210.0,2.9835296,-0.018573077636135693
2014-07-07,2.9512658,2.9754639,2.8535774,32340082.0,2.8849452,-0.0330428764641717
2014-07-08,2.8992848,2.9647095,2.8275871,26193962.0,2.9539547,0.02392055835237361
2014-07-09,2.939615,2.9485774,2.839238,24895246.0,2.8490965,-0.03549756534858173
2014-07-10,2.8858414,2.8858414,2.688672,39387684.0,2.7227285,-0.04435371002702082
2014-07-11,2.6904645,2.7872567,2.6815023,36649988.0,2.7057004,-0.006254057281142811
2014-07-14,2.7110777,2.8320682,2.67971,32505498.0,2.8311718,0.04637298349809904
2014-07-15,2.8293793,2.8293793,2.647446,39283850.0,2.7307947,-0.03545425961080839
2014-07-16,2.7065969,2.72721,2.559616,41303308.0,2.5685782,-0.05940267131762045
2014-07-17,2.572163,2.6214554,2.5587196,27418768.0,2.6160781,0.01849268206044896
2014-07-18,2.5882955,2.6169746,2.5542388,26654392.0,2.5936728,-0.008564461435612514
2014-07-21,2.5963612,2.6420686,2.5497575,21452414.0,2.6169744,0.008984016796567573
2014-07-22,2.6187668,2.747823,2.6089084,37611820.0,2.7254176,0.041438387780942776
2014-07-23,2.7254174,2.7684362,2.5900877,32509056.0,2.627729,-0.03584353458347089
2014-07-24,2.608012,2.6573043,2.5497575,41775390.0,2.5981536,-0.01125511801255008
2014-07-25,2.6304176,2.700323,2.5811253,38103900.0,2.6922572,0.03621941366361092
2014-07-28,2.6528232,2.7424457,2.615182,45716450.0,2.7191439,0.009986675864401162
2014-07-29,2.7693324,2.7962193,2.723625,48103224.0,2.7782948,0.021753501166304368
2014-07-30,2.787257,2.791738,2.7290025,32080748.0,2.7782948,0.0
2014-07-31,2.8007002,2.8060775,2.76037,16411131.0,2.784568,0.002257931735682117
2014-08-01,2.7881532,2.832068,2.6841912,31632380.0,2.700323,-0.030254244105369366
2014-08-04,2.6806061,2.72004,2.6357949,27621252.0,2.708389,0.0029870500677140477
2014-08-05,2.7137666,2.7460306,2.668059,19737966.0,2.731691,0.008603638546752279
2014-08-06,2.7245214,2.8204172,2.6913612,29728424.0,2.7818797,0.018372758851568527
2014-08-07,2.8051813,2.851785,2.7343795,39148360.0,2.828483,0.016752449791412438
2014-08-08,2.8293793,2.8499925,2.7935305,20543166.0,2.8231058,-0.0019010897360881573
2014-08-11,2.8455114,2.859851,2.7989078,24659904.0,2.839238,0.0057143448183911705
2014-08-12,2.8231058,2.8589547,2.7836719,35958676.0,2.8499923,0.0037877416405387443
2014-08-13,2.8410306,2.9835303,2.8204174,47911350.0,2.9611247,0.03899392991342476
2014-08-14,2.9306526,3.132303,2.9306526,61903184.0,3.0991428,0.046610026251174164
2014-08-15,3.0919728,3.1116898,3.0184824,32399646.0,3.0588126,-0.013013340333978829
2014-08-18,3.060605,3.1215482,3.0202749,27922708.0,3.1027272,0.014356747451609086
2014-08-19,3.136784,3.1403692,2.988011,37695740.0,2.9933884,-0.03523957890980545
2014-08-20,3.0184827,3.0292373,2.8598511,35798904.0,2.8957002,-0.03263465576334845
2014-08-21,2.9019732,2.9342375,2.8553696,30784168.0,2.932445,0.012689435183932396
2014-08-22,2.9270675,2.9557467,2.904662,22468702.0,2.9306526,-0.0006112305601638779
2014-08-25,2.9351337,3.0193787,2.8974924,25246490.0,3.015794,0.029052027524517854
2014-08-26,2.9978695,3.0113127,2.8042853,48369724.0,2.8356528,-0.05973259446765922
2014-08-27,2.8051813,2.8652282,2.7791908,25881720.0,2.824002,-0.0041086835454607895
2014-08-28,2.8302755,2.9136243,2.8293793,24746702.0,2.8858416,0.021897859845708245
2014-08-29,2.8903222,3.1009347,2.8903222,49036530.0,3.0337179,0.05124200164000681
2014-09-01,3.039992,3.1009355,2.9844263,37033124.0,3.0641901,0.010044506775003681
2014-09-02,3.06419,3.0767374,3.0095205,49705784.0,3.0113127,-0.017256566425170483
2014-09-03,3.01669,3.052539,2.9906995,39831190.0,3.024756,0.004464265700470094
2014-09-04,3.0023506,3.0023506,2.9467847,50945750.0,2.9629169,-0.02044432674900054
2014-09-05,2.9682941,2.9978697,2.9181058,35688630.0,2.9736714,0.0036297001782263916
2014-09-09,2.9736717,2.9817376,2.927068,33049826.0,2.9566433,-0.005726288385461853
2014-09-10,2.867917,2.867917,2.7809832,107424140.0,2.832068,-0.04213403084504652
2014-09-11,2.8320682,2.8571622,2.799804,58687844.0,2.8087664,-0.008227768542280689
2014-09-12,2.8051815,2.823106,2.787257,33853172.0,2.8078701,-0.00031910806110468926
2014-09-15,2.8150399,2.9001813,2.8150399,64841976.0,2.8992848,0.03255659868310867
2014-09-16,2.9082472,2.9198983,2.7388606,50749852.0,2.7612662,-0.04760436090997344
2014-09-17,2.7612662,2.7863605,2.667163,34307450.0,2.7702286,0.0032457573268378503
2014-09-18,2.7657475,2.7657475,2.7057004,24529738.0,2.7263136,-0.015852482354705155
2014-09-19,2.7209363,2.7585776,2.6895683,19573654.0,2.7263136,0.0
2014-09-22,2.723625,2.823106,2.663578,39404750.0,2.7953231,0.025312385192957976
2014-09-23,2.7809832,2.8222096,2.7702286,27172090.0,2.811455,0.005771032336118864
2014-09-24,2.7980113,2.8195207,2.7809832,20334938.0,2.799804,-0.004144117547675519
2014-09-25,2.8222096,2.8858416,2.7666438,27648990.0,2.7773983,-0.008002595895998388
2014-09-26,2.7782946,2.7782946,2.7164552,18170042.0,2.735276,-0.015166099871235739
2014-09-29,2.7514079,2.7872567,2.7334833,18701584.0,2.7460303,0.003931705612157721
2014-09-30,2.7594738,2.795323,2.7388606,33024968.0,2.788153,0.015339488424435777
2014-10-08,2.792634,2.8123507,2.7747095,25808694.0,2.7872567,-0.00032146729393978113
2014-10-09,2.8132472,2.815936,2.76037,27897030.0,2.8033888,0.005787805622639697
2014-10-10,2.7872567,2.7935302,2.7603698,18580980.0,2.7711246,-0.011508999393876507
2014-10-13,2.772021,2.7738135,2.6295214,47808836.0,2.703908,-0.024256072787199656
2014-10-14,2.67971,2.7021155,2.6617856,22383376.0,2.6662667,-0.013921072758392716
2014-10-15,2.6662667,2.7442384,2.6662667,26100860.0,2.7119741,0.01714284621264639
2014-10-16,2.715559,2.715559,2.6268327,21997388.0,2.631314,-0.02974220882124201
2014-10-17,2.6465495,2.6707475,2.5183895,33057852.0,2.5632007,-0.025885660168265878
2014-10-20,2.566786,2.590088,2.5515501,24214198.0,2.5856068,0.008741453605252136
2014-10-21,2.5981536,2.612493,2.5273519,24163454.0,2.5470688,-0.01490481847433256
2014-10-22,2.555135,2.559616,2.5139086,25110036.0,2.5228708,-0.009500332303548187
2014-10-23,2.5273519,2.5345216,2.4915028,15181014.0,2.50405,-0.007460072866196876
2014-10-24,2.5049462,2.536314,2.4601352,14529034.0,2.535418,0.012526906411613137
2014-10-27,2.5255594,2.640276,2.5022576,32312288.0,2.6384838,0.04065041740651831
2014-10-28,2.6501346,2.6743326,2.6089084,31375054.0,2.6528234,0.005434787964208931
2014-10-29,2.6608894,2.76754,2.6599932,58775924.0,2.76037,0.04054042949108494
2014-10-30,2.7612665,2.763955,2.715559,25038022.0,2.7325873,-0.010064846379289727
2014-10-31,2.7164552,2.7962193,2.7164552,38638604.0,2.7576816,0.009183347957446797
2014-11-03,2.7576816,2.815936,2.7182477,30155282.0,2.7953231,0.013649690377598223
2014-11-04,2.795323,2.827587,2.7773983,31372244.0,2.7908416,-0.0016032135963103267
2014-11-05,2.7908416,2.7962189,2.7110777,21404850.0,2.728106,-0.022479097344686227
2014-11-06,2.7281063,2.7863607,2.711078,21267404.0,2.76037,0.011826519937275126
2014-11-07,2.76037,2.792634,2.7065966,27218608.0,2.7110777,-0.017857135094208276
2014-11-10,2.711078,2.72004,2.615182,22605708.0,2.6662667,-0.016528851238752806
2014-11-11,2.6617856,2.6779175,2.4932954,39875984.0,2.5649934,-0.037983184502885625
2014-11-12,2.5488615,2.5524461,2.4807484,25704810.0,2.5443802,-0.008036355960993946
2014-11-13,2.5363142,2.579333,2.4735785,27042210.0,2.4834368,-0.02395215935102768
2014-11-14,2.4762669,2.5461724,2.4762669,22286938.0,2.5381064,0.022013686839141622
2014-11-17,2.5273519,2.5990498,2.5094273,18455932.0,2.5694742,0.012358741146549335
2014-11-18,2.5694745,2.643861,2.5569274,19163220.0,2.6286252,0.02302066313800699
2014-11-19,2.6286252,2.67971,2.608012,18804706.0,2.63938,0.004091416303853457
2014-11-20,2.643861,2.6985307,2.6008422,26601998.0,2.683295,0.016638377194644338
2014-11-21,2.7693322,2.8428226,2.699427,57822360.0,2.7173512,0.012691932866121691
2014-11-24,2.715559,2.784568,2.691361,45101892.0,2.76037,0.015831152042474317
2014-11-25,2.7585778,2.7935305,2.7361722,36425252.0,2.772021,0.004220810978238454
2014-11-26,2.7738132,2.9163127,2.7738132,71850700.0,2.9019732,0.046879947879182815
2014-11-27,2.8983884,2.9261715,2.8437188,58849060.0,2.8679168,-0.011735601142009111
2014-11-28,2.8697095,2.9037662,2.8186247,33585484.0,2.8356528,-0.01124997768415037
2014-12-01,2.867917,2.867917,2.7585778,33362862.0,2.7908416,-0.015802780932842042
2014-12-02,2.791738,2.8464077,2.76037,32185222.0,2.8356528,0.016056518578482004
2014-12-03,2.8482003,2.9915962,2.8482003,61734580.0,2.9691906,0.04709243670452179
2014-12-04,2.9781525,3.0767374,2.9781525,58350964.0,3.0283413,0.019921489715075902
2014-12-05,3.001454,3.0238597,2.8661242,42463716.0,2.9826334,-0.01509337801521915
2014-12-08,2.9754636,2.9754636,2.8374453,48484476.0,2.8697093,-0.03786053626302188
2014-12-09,2.8544738,2.8544738,2.751408,40467736.0,2.7576816,-0.039037995939170456
2014-12-10,2.747823,2.875087,2.747823,25429522.0,2.8338606,0.027624291361265207
2014-12-11,2.8347566,2.8589547,2.7514079,32844098.0,2.796219,-0.01328279873752436
2014-12-12,2.7782946,2.856266,2.7782946,23735628.0,2.8428226,0.016666648785377713
2014-12-15,2.8499925,2.8831527,2.812351,33808620.0,2.8482,0.0018915707227036282
2014-12-16,2.7962189,2.8141432,2.7675395,28377236.0,2.7872567,-0.021397128010673394
2014-12-17,2.787257,2.8096626,2.676125,36790020.0,2.703908,-0.029903488975378423
2014-12-18,2.703012,2.7639554,2.703012,19746746.0,2.7236252,0.007292112009728013
2014-12-19,2.7155588,2.7854643,2.6331062,32808470.0,2.7693324,0.016781751028005054
2014-12-22,2.6949456,2.755889,2.6035306,26698906.0,2.6788135,-0.03268618097271392
2014-12-23,2.6976345,2.7469265,2.6447573,21544512.0,2.7263136,0.01773176818766964
2014-12-24,2.735276,2.7926342,2.6528234,29022094.0,2.791738,0.023997386067398763
2014-12-25,2.7953227,2.8114548,2.7496152,14197388.0,2.7711246,-0.007383715807142477
2014-12-26,2.8186247,2.8186247,2.7523038,19154106.0,2.7809832,0.003557617005023994
2014-12-29,2.7747095,2.8141432,2.6707475,28461926.0,2.688672,-0.03319372803115106
2014-12-30,2.6886723,2.6985307,2.5766442,29474426.0,2.6707478,-0.006666562526035147
2014-12-31,2.6017385,2.7110777,2.6017385,23241040.0,2.691361,0.007718137968699246
2015-01-05,2.6608891,2.688672,2.6232479,25007016.0,2.6635778,-0.010323104184091214
2015-01-06,2.663578,2.7379646,2.6393802,36848720.0,2.7245214,0.022880352884755206
2015-01-07,2.6940496,2.7307947,2.635795,27871422.0,2.6734364,-0.018750082124515566
2015-01-08,2.6886723,2.7675397,2.640276,39268496.0,2.7487192,0.028159562726085552
2015-01-09,2.7469265,2.9557467,2.7424455,70391690.0,2.859851,0.040430393908551965
2015-01-12,2.849096,2.9736712,2.8365488,42821184.0,2.9019732,0.014728809298106826
2015-01-13,2.917209,2.9557467,2.8410301,30709332.0,2.9252748,0.008029571051862305
2015-01-14,2.9252753,2.9575396,2.8786716,29323448.0,2.9369264,0.003983078786307548
2015-01-15,2.9342377,2.9530582,2.8482,24299470.0,2.864332,-0.024717813834217894
2015-01-16,2.8320682,2.8957002,2.8320682,24083084.0,2.8867378,0.007822347409448316
2015-01-19,2.7782948,2.9369264,2.7532003,34322876.0,2.783672,-0.035703207960210315
2015-01-20,2.8060772,2.8831525,2.776502,32215360.0,2.8679168,0.03026391040323717
2015-01-21,2.8697095,3.0462656,2.868813,60782256.0,3.0256522,0.054999991631556444
2015-01-22,3.0471618,3.1869729,2.9951806,66816750.0,3.1529162,0.04206167516544035
2015-01-23,3.1430576,3.1636708,3.108105,37131864.0,3.1134825,-0.012507056165971031
2015-01-26,3.1269255,3.180699,3.065982,34323720.0,3.1582935,0.0143925652384429
2015-01-27,3.1591897,3.2873497,3.136784,33590070.0,3.1986234,0.012769522528542687
2015-01-28,3.2165482,3.2703218,3.1654634,21787732.0,3.176218,-0.007004700834740252
2015-01-29,3.1358879,3.2066894,3.1107934,23211976.0,3.1986234,0.007054112784449895
2015-01-30,3.2102747,3.2237182,3.0041432,35521696.0,3.0346148,-0.05127474525447406
2015-02-02,2.984426,3.0919728,2.9754639,26336272.0,3.088388,0.01771994257722609
2015-02-03,3.1269255,3.253293,3.052539,33193610.0,3.2219255,0.04323857624106808
2015-02-04,3.2174444,3.2425387,3.136784,16118079.0,3.1538124,-0.021140495023860728
2015-02-05,3.138577,3.2873502,3.110794,33363216.0,3.227303,0.023302146950782365
2015-02-06,3.2264068,3.2515008,3.1027277,21532304.0,3.1331995,-0.029158557470432833
2015-02-09,3.1188598,3.4468777,3.1009352,46108670.0,3.391312,0.08237984845842083
2015-02-10,3.4504623,3.4504623,3.2712176,24944054.0,3.4038587,0.0036996596007679017
2015-02-11,3.3581514,3.552632,3.3581514,29633494.0,3.5176792,0.03343866770967896
2015-02-12,3.495274,3.5669718,3.4325383,27828910.0,3.478246,-0.01121000459621213
2015-02-13,3.490793,3.5006516,3.4217837,30426396.0,3.4280572,-0.014429341685435637
2015-02-16,3.4325385,3.650321,3.3733876,34887690.0,3.6135757,0.054117679249926276
2015-02-17,3.6010284,3.611783,3.4952738,24186752.0,3.5463586,-0.018601270757936605
2015-02-25,3.5427735,3.584896,3.3886232,35263916.0,3.4173024,-0.036391187287151405
2015-02-26,3.3895195,3.4459817,3.3339536,22642976.0,3.431642,0.004196175322382922
2015-02-27,3.4495664,3.6073017,3.4495664,37588530.0,3.5517359,0.03499604562480596
2015-03-02,3.5535288,3.611783,3.4800384,33056620.0,3.5857925,0.009588719701822512
2015-03-03,3.584,3.5848963,3.3886232,49900624.0,3.4334345,-0.04248935207489002
2015-03-04,3.4334345,3.4648023,3.3473969,39138660.0,3.4146135,-0.00548168313681241
2015-03-05,3.4495666,3.5669718,3.4253685,78754930.0,3.5642831,0.043832076456090885
2015-03-06,3.566972,3.618953,3.2801802,82790216.0,3.296312,-0.07518232768884159
2015-03-09,3.3115485,3.3787653,3.1170678,59152776.0,3.377869,0.024741893364463197
2015-03-10,3.3877273,3.4047556,3.2174447,75991864.0,3.262256,-0.03422660855113091
2015-03-11,3.2712176,3.2756987,3.120652,69972620.0,3.1475387,-0.035165020770902
2015-03-12,3.1636708,3.2622557,3.1323032,52567948.0,3.1699443,0.007118450997917858
2015-03-13,3.1860769,3.2237184,3.1663601,39666640.0,3.1771147,0.002261995581436693
2015-03-16,3.1986234,3.2443311,3.1547089,78912000.0,3.2434347,0.020874285715904328
2015-03-17,3.2586713,3.293624,3.226407,66463492.0,3.2649448,0.006631889336325969
2015-03-18,3.2918308,3.336642,3.2425385,80241370.0,3.328576,0.01948921157870731
2015-03-19,3.3079627,3.3303683,3.2470195,69446616.0,3.2828686,-0.013731818050721989
2015-03-20,3.2828689,3.2891424,3.2461236,57508900.0,3.267633,-0.004640941157376788
2015-03-23,3.2730105,3.3061707,3.2362654,85434670.0,3.2972085,0.009051047042308635
2015-03-24,3.3016894,3.5400848,3.3007932,152680560.0,3.4934812,0.05952693012892585
2015-03-25,3.4863122,3.52485,3.4110293,84421210.0,3.5051327,0.0033352118797718155
2015-03-26,3.5051322,3.5114057,3.3706985,62004350.0,3.4208868,-0.024035010143838464
2015-03-27,3.5123022,3.6297076,3.4325383,94142760.0,3.4379158,0.004977948992641368
2015-03-30,3.4307458,3.431642,3.315133,76059496.0,3.371595,-0.01929099019818914
2015-03-31,3.3715947,3.4307454,3.3285758,82385990.0,3.3554626,-0.004784797699605048
2015-04-01,3.3787646,3.4943776,3.3339534,113822770.0,3.4683871,0.03365392896943642
2015-04-02,3.47018,3.5391893,3.451359,111501020.0,3.5087175,0.011627998501089865
2015-04-03,3.4845192,3.5481513,3.4432929,107345780.0,3.5373967,0.00817369879450247
2015-04-07,3.5580096,3.6565943,3.5418777,135287630.0,3.627019,0.02533566563229961
2015-04-08,3.6270187,3.653009,3.5140944,95912170.0,3.5347073,-0.025451121154865808
2015-04-09,3.529331,3.5311234,3.2981048,91952920.0,3.406548,-0.03625740100177466
2015-04-10,3.430746,3.51768,3.3966897,60590620.0,3.4881043,0.023941039433467592
2015-04-13,3.5669718,3.8367352,3.560698,182776700.0,3.8367352,0.0999485307821788
2015-04-14,3.8448014,3.9138105,3.7327735,127008370.0,3.7910278,-0.011913097364655179
2015-04-15,3.7193298,3.735462,3.567868,78400504.0,3.5732453,-0.05744682220478581
2015-04-16,3.5499432,3.6942353,3.514094,72584190.0,3.6458392,0.02031595759742566
2015-04-17,3.6028206,3.672726,3.5750375,79613810.0,3.57683,-0.01892820725609623
2015-04-20,3.547255,3.547255,3.4217834,83634170.0,3.4253685,-0.04234517715407227
2015-04-21,3.4280567,3.6216412,3.4280567,59006920.0,3.6019242,0.05154356385305703
2015-04-22,3.652113,3.6924431,3.5893772,79297304.0,3.647632,0.012689828397832503
2015-04-23,3.6548011,3.813433,3.5580091,136126880.0,3.7309804,0.022850002412523995
2015-04-24,3.647632,3.7076788,3.584896,89633160.0,3.6736224,-0.015373439109998999
2015-04-27,3.6852736,3.7327738,3.5848966,80362590.0,3.6046138,-0.01878489199107669
2015-04-28,3.695132,3.8528678,3.6099908,237556960.0,3.6879625,0.023122782252012586
2015-04-29,3.6834807,3.6834807,3.4773493,141770600.0,3.5795188,-0.02940477296067956
2015-04-30,3.578622,3.60999,3.4343302,128359200.0,3.4845188,-0.026539880164898055
2015-05-04,3.4925852,3.511406,3.3877268,111645610.0,3.424472,-0.017232451149352346
2015-05-05,3.4450853,3.4952738,3.3877268,100446424.0,3.3993778,-0.007327903396494473
2015-05-06,3.4307458,3.4621139,3.3124442,101772320.0,3.3375387,-0.01819129959606136
2015-05-07,3.3160293,3.3366423,3.227303,76228980.0,3.2380579,-0.029806635650397206
2015-05-08,3.2801795,3.3160286,3.2407458,94858936.0,3.2998967,0.019097496681575787
2015-05-11,3.3339534,3.437019,3.3160288,141681330.0,3.4181983,0.035850091913483206
2015-05-12,3.4083397,3.452255,3.36084,131403040.0,3.4038587,-0.004195075516830071
2015-05-13,3.4011707,3.4809346,3.366218,170664300.0,3.4423969,0.011321915330974264
2015-05-14,3.4415007,3.4692836,3.3518784,127265690.0,3.3698025,-0.02108832947182815
2015-05-15,3.376076,3.3787649,3.2604635,109876290.0,3.3303688,-0.01170208046317256
2015-05-18,3.3025858,3.3715951,3.2891426,118245576.0,3.3599446,0.008880638084286518
2015-05-19,3.36084,3.4701796,3.3088589,153322740.0,3.4612172,0.030141151732085092
2015-05-20,3.463906,3.5956507,3.463906,189389140.0,3.4863114,0.007250108430063129
2015-05-21,3.5302265,3.659283,3.4863117,174233760.0,3.6144717,0.036761001900174506
2015-05-22,3.7462165,3.7632449,3.5669715,183122660.0,3.6314998,0.004711089590215822
2015-05-25,3.629707,3.7955084,3.596547,218568750.0,3.7775843,0.040227043383012306
2015-05-26,3.8098485,3.9720652,3.744424,226812060.0,3.939801,0.04294191396337599
2015-05-27,3.9433854,3.9523475,3.8089519,170090190.0,3.8779612,-0.015696173486934972
2015-05-28,3.88065,4.021357,3.5768301,211814930.0,3.5893772,-0.07441642273264626
2015-05-29,3.5848963,3.6727264,3.4101326,157461180.0,3.6028209,0.0037454129925382773
2015-06-01,3.6037166,3.8358386,3.6037166,163127440.0,3.817018,0.059452608371401316
2015-06-02,3.8259804,4.1988096,3.791924,211017970.0,4.1988096,0.10002352621863442
2015-06-03,4.2498946,4.3780546,4.107395,241817660.0,4.314423,0.027534804150204817
2015-06-04,4.3018756,4.3377247,3.8860276,192773970.0,4.2669225,-0.011009699327117373
2015-06-05,4.294706,4.6908374,4.223008,278540700.0,4.5680547,0.07057362771411957
2015-06-17,4.0554137,4.252583,3.999848,130618640.0,4.219423,-0.0763195107974518
2015-06-18,4.212253,4.2463098,3.914707,110690550.0,3.9487634,-0.0641461166609748
2015-06-19,3.8976789,3.998952,3.6126795,110205770.0,3.7058866,-0.06150705306881643
2015-06-23,3.7026448,3.9169517,3.6216047,76957464.0,3.9097478,0.05501010203604184
2015-06-24,3.848518,3.9079475,3.6432154,170066990.0,3.7242558,-0.04744346937160504
2015-06-25,3.6918395,3.7026448,3.35147,149924510.0,3.3550715,-0.09912968384180265
2015-06-26,3.239814,3.239814,3.020105,137598930.0,3.020105,-0.09983885589323516
2015-06-29,3.0975437,3.1155524,2.7175543,158542460.0,2.7913911,-0.07573044645798743
2015-06-30,2.7895904,3.0705304,2.5752835,167771700.0,3.0633268,0.09741941929957432
2015-07-01,2.9714808,3.092141,2.757174,135895620.0,2.757174,-0.09994127952655918
2015-07-02,2.757174,2.791391,2.4816365,133043740.0,2.4816365,-0.0999347520323346
2015-07-03,2.3429675,2.667129,2.2349136,146455440.0,2.3789854,-0.04136427716146185
2015-07-06,2.6167037,2.6167037,2.1844885,154856690.0,2.4402158,0.025738031011035112
2015-07-07,2.3591757,2.4816365,2.2079003,180399660.0,2.4654286,0.01033220094714582
2015-07-08,2.2223074,2.3447685,2.2187057,168747520.0,2.2187057,-0.10007302584224098
2015-07-09,2.2187054,2.4402158,2.1088507,128351016.0,2.4402158,0.0998375314040072
2015-07-10,2.5770843,2.685138,2.5356636,90338410.0,2.685138,0.10036907391551186
2015-07-13,2.8598251,2.9534717,2.7427669,197195470.0,2.9534717,0.09993292709722934
2015-07-14,2.8814356,3.0939415,2.8021963,221028420.0,2.8994446,-0.018292743417856472
2015-07-15,2.8184042,2.9048474,2.6095002,117324950.0,2.6095002,-0.0999999793063816
2015-07-16,2.6095,2.7553728,2.4312112,93771880.0,2.6671288,0.02208415235990402
2015-07-17,2.6797354,2.8598251,2.6797354,93443576.0,2.8382144,0.06414598350105938
2015-07-20,2.8814359,2.9426663,2.7967935,110986264.0,2.8652277,0.00951770944436059
2015-07-21,2.773382,2.9426663,2.773382,85533430.0,2.933662,0.023884419377908417
2015-07-22,2.9048471,2.9696796,2.8057978,82053496.0,2.89044,-0.014733121947927197
2015-07-23,2.8814359,2.9930916,2.847219,95253510.0,2.9750826,0.029283638477186846
2015-07-24,3.018304,3.018304,2.805798,98785900.0,2.8364134,-0.046610201679778474
2015-07-27,2.7643774,2.8003953,2.5536723,88915850.0,2.5536723,-0.09968261326081729
2015-07-28,2.4294107,2.6437175,2.3123524,111772920.0,2.5680797,0.005641835876905699
2015-07-29,2.6257083,2.7013462,2.4672294,62494176.0,2.6905408,0.0476858642665956
2015-07-30,2.6761334,2.8544226,2.6293104,93150730.0,2.719355,0.010709445476537738
2015-07-31,2.6617262,2.737364,2.5896904,79125540.0,2.721156,0.0006622894031855786
2015-08-03,2.6671293,2.7913911,2.6599257,106242460.0,2.787789,0.02448701948730614
2015-08-04,2.8148026,3.016503,2.7769837,92324060.0,3.0111003,0.08010337224230368
2015-08-05,3.0111003,3.016503,2.8580241,81727530.0,2.8760333,-0.04485636031453344
2015-08-06,2.791391,2.8562233,2.7463686,44836380.0,2.7499704,-0.04383221153941441
2015-08-07,2.7931917,2.8436167,2.7499702,51158316.0,2.8130016,0.02292068307353423
2015-08-10,2.8292098,3.0074987,2.7751827,110064140.0,2.9588745,0.05185667153548712
2015-08-11,2.962476,3.048919,2.89044,120096160.0,2.9840868,0.008520908879372957
2015-08-12,2.9264581,2.9948921,2.89044,64193184.0,2.8994446,-0.02836452344482754
2015-08-13,2.8994446,2.9894893,2.854422,70745360.0,2.944467,0.015527939385356904
2015-08-14,2.9534717,3.0255075,2.9210556,85607700.0,2.933662,-0.003669594531030551
2015-08-17,2.9012458,2.9552727,2.8724315,73024360.0,2.9210556,-0.004297154886963805
2015-08-18,2.91025,2.9606752,2.6293101,83604080.0,2.6293101,-0.09987673634147864
2015-08-19,2.557274,2.645518,2.3771844,89883064.0,2.6203055,-0.003424700646758927
2015-08-24,2.3591757,2.3915915,2.3591757,64221484.0,2.3591757,-0.0996562423732652
2015-08-25,2.139466,2.3087502,2.1232579,83647880.0,2.1232579,-0.10000009749167904
2015-08-26,2.123258,2.2205067,1.9557745,58667064.0,1.9701817,-0.07209496312247332
2015-08-27,1.9863896,2.1502714,1.9089512,48485180.0,2.0656292,0.048446039266327734
2015-08-28,2.1250591,2.2223077,2.1160545,62588490.0,2.2060995,0.06800363782618879
2015-08-31,2.2151036,2.3195558,2.1034482,61722876.0,2.3141532,0.04897952245580939
2015-09-01,2.225909,2.386189,2.1088507,101187990.0,2.3789854,0.028015517728039896
2015-09-02,2.2601264,2.6167037,2.2475197,121574460.0,2.6167037,0.09992423660943861
2015-09-07,2.5878894,2.6977441,2.3627772,117801350.0,2.4384148,-0.06813492104589458
2015-09-08,2.3447685,2.5536726,2.2709315,61350236.0,2.5302608,0.037666274007195355
2015-09-09,2.5554733,2.773382,2.4690304,119235540.0,2.7607758,0.09110325702393984
2015-09-10,2.6311111,2.6797354,2.4996457,90257740.0,2.5302608,-0.08349645777103654
2015-09-11,2.5176544,2.6076992,2.4492204,53189490.0,2.4762337,-0.02135238391236205
2015-09-14,2.4816365,2.5014465,2.229511,57512570.0,2.229511,-0.09963627423372834
2015-09-15,2.1286607,2.1970947,2.0061996,48065796.0,2.0061996,-0.10016160494386439
2015-09-16,2.0116026,2.2060995,1.9629782,47768144.0,2.1700816,0.08168778420651668
2015-09-17,2.1574748,2.1844883,2.0710318,49743440.0,2.0782354,-0.04232384625536656
2015-09-18,2.0908418,2.141267,2.0494213,25915180.0,2.10705,0.013864935608353113
2015-09-21,2.08724,2.2079003,2.06743,33575956.0,2.2024975,0.045299114876248936
2015-09-22,2.2151036,2.2493205,2.1754837,39584796.0,2.1970944,-0.002453169640374231
2015-09-23,2.1610768,2.1934931,2.1160543,31369328.0,2.139466,-0.026229369115865042
2015-09-24,2.1466696,2.1826875,2.135864,25896124.0,2.1520722,0.005892217964669655
2015-09-25,2.2223072,2.2385154,2.0800364,57161676.0,2.1088507,-0.020083666337960215
2015-09-28,2.1052487,2.1286604,2.0728328,24054510.0,2.1106515,0.0008539248416210565
2015-09-29,2.085439,2.0998461,2.0530229,22035660.0,2.0620275,-0.023037436545066625
2015-09-30,2.0764346,2.0926425,2.0566247,16960124.0,2.0656292,0.0017466789361442192
2015-10-08,2.1736832,2.179086,2.123258,33674890.0,2.1430678,0.037489109855728175
2015-10-09,2.2151039,2.3573747,2.2151039,51934100.0,2.3573747,0.10000005599449535
2015-10-12,2.4852386,2.5590754,2.4312115,134500580.0,2.442017,0.03590532298492888
2015-10-13,2.4168043,2.5554733,2.3897908,106583110.0,2.474433,0.013274272865422265
2015-10-14,2.4348133,2.557274,2.4258087,92830200.0,2.4906409,0.006550147043787424
2015-10-26,2.3987951,2.4420166,2.3609762,66324910.0,2.418605,-0.028922635936798446
2015-10-27,2.402397,2.4276094,2.2853386,53401740.0,2.4059987,-0.005212219440545174
2015-10-28,2.384388,2.424008,2.3537729,43156530.0,2.3627772,-0.017964057919067078
2015-10-29,2.4096007,2.5986948,2.3933926,140686340.0,2.5986948,0.0998475861371948
2015-10-30,2.5842876,2.6022966,2.4600255,119524320.0,2.5266588,-0.027720069320953056
2015-11-02,2.506849,2.6689298,2.454623,108061624.0,2.5644777,0.014967948976727596
2015-11-03,2.577084,2.6058984,2.487039,57002868.0,2.5266588,-0.014747213438432327
2015-11-04,2.5392652,2.7733817,2.5320616,147682930.0,2.717554,0.07555242520280148
2015-11-05,2.6923413,2.7229567,2.6293101,124113400.0,2.6617262,-0.020543400425529712
2015-11-06,2.6797352,2.8075988,2.6797352,125889950.0,2.7391648,0.02909337556958347
2015-11-09,2.721156,2.8364134,2.6743326,98962024.0,2.8021965,0.023011284315569425
2015-11-10,2.8166037,2.861626,2.735563,83743440.0,2.8021965,0.0
2015-11-11,2.805798,2.805798,2.7283595,66276460.0,2.7643776,-0.01349616274233445
2015-11-12,2.7661784,2.8526213,2.704948,72088424.0,2.7967935,0.011726292384947712
2015-11-13,2.7553728,2.771581,2.611301,58114516.0,2.6527216,-0.05151324186072381
2015-11-16,2.5860884,2.7355628,2.5590749,40392468.0,2.7265584,0.02783435698642478
2015-11-17,2.7301602,2.771581,2.631111,54227764.0,2.6779342,-0.017833544295255077
2015-11-18,2.6815362,2.701346,2.593292,44241660.0,2.6022966,-0.028244756723298292
2015-11-19,2.6022964,2.7265584,2.6022964,82899290.0,2.701346,0.038062302352468214
2015-11-20,2.7103503,2.8003953,2.681536,132006100.0,2.7661781,0.023999924482091428
2015-11-23,2.7787848,2.8202052,2.6995451,82697224.0,2.721156,-0.016275922363784057
2015-11-24,2.7211556,2.751771,2.6473188,53683310.0,2.7391648,0.006618069673330007
2015-11-25,2.7499704,2.7625766,2.6923416,59077780.0,2.735563,-0.0013149263600350514
2015-11-26,2.7265587,2.7841873,2.717554,68873576.0,2.7301602,-0.0019750230574109295
2015-11-27,2.704948,2.719355,2.4600258,83305770.0,2.505048,-0.08245384281845436
2015-11-30,2.5212564,2.5212564,2.3411667,54163500.0,2.4330125,-0.028756135610974343
2015-12-01,2.4402158,2.4942427,2.3861887,39379440.0,2.4474194,0.005921424571390332
2015-12-02,2.4492207,2.5032473,2.386189,36992416.0,2.4348135,-0.0051506905600240405
2015-12-03,2.4348133,2.4870393,2.4348133,38852852.0,2.4780347,0.01775133906559967
2015-12-04,2.467229,2.5122514,2.4582245,39740012.0,2.487039,0.003633645646689443
2015-12-07,2.5050483,2.5284598,2.4762337,31632648.0,2.5104508,0.009413523471083485
2015-12-08,2.5032473,2.5032473,2.4041982,31759354.0,2.4078,-0.04088938926825414
2015-12-09,2.3951936,2.4168043,2.3411665,34064424.0,2.3573747,-0.02094247861118037
2015-12-10,2.3411665,2.38799,2.335764,28227378.0,2.3591757,0.0007639854623027187
2015-12-11,2.3735828,2.4528222,2.335764,41197590.0,2.4348135,0.032061113549109566
2015-12-14,2.4276094,2.5140526,2.3951936,46327420.0,2.5122519,0.03180465362131413
2015-12-15,2.5212562,2.6221066,2.4816365,79137970.0,2.6113012,0.03942650018495364
2015-12-16,2.7211556,2.8634267,2.701346,164692540.0,2.7121513,0.038620630971256675
2015-12-17,2.7319613,2.7787845,2.703147,126977210.0,2.7589746,0.017264265455986916
2015-12-18,2.7391648,2.7391648,2.667129,66395640.0,2.6725316,-0.03133156789482583
2015-12-21,2.6221066,2.703147,2.6203055,54079068.0,2.665328,-0.0026954218240113903
2015-12-22,2.6851377,2.7121513,2.6347127,36144904.0,2.6779342,0.0047296993090530925
2015-12-23,2.6887395,2.7067485,2.62931,47679610.0,2.6365135,-0.015467407675662903
2015-12-24,2.6365137,2.6923413,2.557274,42749852.0,2.6779342,0.01571040694462611
2015-12-25,2.6689298,2.701346,2.6437173,34345770.0,2.6527216,-0.009414943802577458
2015-12-28,2.6527216,2.7373638,2.559075,65270636.0,2.5644777,-0.03326542069096139
2015-12-29,2.5662787,2.6221066,2.541066,32462874.0,2.6203055,0.021769657033867018
2015-12-30,2.6203058,2.6779344,2.5752833,46126250.0,2.64912,0.010996618524061308
2015-12-31,2.6473188,2.6671288,2.5590749,42203390.0,2.6040974,-0.016995304100984376
2016-01-04,2.6058984,2.6058984,2.3429675,36116556.0,2.3447683,-0.09958502320228113
2016-01-05,2.2331126,2.3897908,2.1988957,52725210.0,2.2907414,-0.02304146639989979
2016-01-06,2.3285604,2.3375647,2.265529,34073736.0,2.3267593,0.01572325012330067
2016-01-07,2.2871397,2.2871397,2.0962446,9642971.0,2.1034482,-0.09597516167658604
2016-01-08,2.179086,2.197095,2.0548239,47118204.0,2.1178553,0.006849277296203438
2016-01-11,2.0890408,2.0890408,1.9053491,44521532.0,1.9053491,-0.1003402829267892
2016-01-12,1.8909425,1.9629782,1.8315128,41321550.0,1.9251595,0.010397254760295516
2016-01-13,1.94677,1.9953941,1.908951,50012704.0,1.94677,0.011225303669643916
2016-01-14,1.8675303,2.0170047,1.8639287,28625060.0,2.0116022,0.03330244456201825
2016-01-15,2.0134032,2.0386157,1.8909421,27251770.0,1.9341636,-0.03849598096482498
2016-01-18,1.8477207,1.9791862,1.8477207,25367864.0,1.9449692,0.005586704247768859
2016-01-19,1.9557743,2.0242083,1.94677,31945594.0,2.0116022,0.034259154335194664
2016-01-20,1.9917926,2.0043988,1.9413674,29972368.0,1.9539738,-0.02864801002902062
2016-01-21,1.9341638,1.9791862,1.8639289,25817956.0,1.8675306,-0.04423969246670556
2016-01-22,1.9161547,1.92696,1.8549242,19377612.0,1.9035484,0.019286323876031908
2016-01-25,1.9179556,1.9431682,1.8909422,19725516.0,1.9143538,0.005676451410429051
2016-01-26,1.8909422,1.9053494,1.7234586,35057170.0,1.7270606,-0.09783625158526077
2016-01-27,1.7504723,1.7504723,1.5685816,44772444.0,1.701848,-0.014598561278046596
2016-01-28,1.6748345,1.7432686,1.6388166,27386498.0,1.7144543,0.007407418288824852
2016-01-29,1.7108524,1.7972953,1.6856397,29654740.0,1.7756846,0.03571416280970552
2016-02-01,1.7558749,1.7738839,1.6604273,24704546.0,1.7234586,-0.029411754767710407
2016-02-02,1.7234586,1.7918928,1.7108524,32992604.0,1.7756846,0.03030301975341909
2016-02-03,1.7468705,1.7702823,1.7198571,15126363.0,1.7522732,-0.013184436019775037
2016-02-04,1.7648792,1.7918926,1.7432685,22241570.0,1.782888,0.017471476479809178
2016-02-05,1.7864902,1.7972955,1.7324632,19242596.0,1.7342643,-0.027272436630904506
2016-02-15,1.66583,1.7756846,1.6532238,22314620.0,1.7468703,0.00726878826946975
2016-03-11,1.5505725,1.6208076,1.54517,26664608.0,1.6009978,-0.08350505472558556
2016-03-14,1.6280111,1.6838391,1.6226085,37069360.0,1.6586264,0.03599542735161787
2016-03-15,1.6550246,1.6802373,1.6298121,33443466.0,1.6388167,-0.01194343705128531
2016-03-16,1.6424185,1.6604276,1.5649798,32304144.0,1.5901924,-0.02967037131120276
2016-03-17,1.6027987,1.6748347,1.5901926,48996820.0,1.6640292,0.046432620354618814
2016-03-18,1.6928434,1.7612776,1.6748345,51276424.0,1.7504722,0.05194800668161337
2016-03-21,1.8008974,1.8999467,1.8008974,66356084.0,1.8459197,0.05452671570562506
2016-03-22,1.8549244,1.8567253,1.8008975,47974584.0,1.809902,-0.019512062198588698
2016-03-23,1.8459197,1.8459197,1.7828883,40035980.0,1.8207072,0.005970046997019862
2016-03-24,1.791893,1.8171055,1.7666805,39641884.0,1.7810876,-0.021760555458889774
2016-03-25,1.7432687,1.8026984,1.7432687,20922314.0,1.7954947,0.008088933974948809
2016-03-28,1.7972955,1.8333136,1.7846892,32350344.0,1.7900919,-0.003009087133479249
2016-03-29,1.7864902,1.7954947,1.719857,27951488.0,1.7324632,-0.0321931516476891
2016-03-30,1.7468704,1.7972955,1.7414678,38705810.0,1.7954947,0.03638259098375074
2016-03-31,1.8008971,1.8261098,1.788291,29372222.0,1.7918926,-0.0020061880438857482
2016-04-01,1.7828885,1.793694,1.7324635,25869084.0,1.7684814,-0.013065068743517316
2016-04-05,1.7846893,1.8873404,1.7648795,69154264.0,1.8675306,0.05600805301090528
2016-04-06,1.8657296,1.8657296,1.8261099,39258520.0,1.8477207,-0.010607537033128112
2016-04-07,1.8639289,1.8639289,1.8008974,43702480.0,1.8026984,-0.024366399099171265
2016-04-08,1.7972955,1.8315127,1.7738839,32970340.0,1.8279108,0.013985922437164122
2016-04-11,1.8369154,1.9215577,1.8153046,66756052.0,1.8837388,0.030541971741728347
2016-04-12,1.8729331,1.8729331,1.8279108,36296500.0,1.858526,-0.013384445869034534
2016-04-13,1.8675305,1.9179555,1.8549242,65080980.0,1.8657295,0.0038759210255869814
2016-04-14,1.8657295,1.9359646,1.8639287,58869372.0,1.9305619,0.03474908876125937
2016-04-15,1.9323627,1.9341637,1.8927431,41462164.0,1.9107519,-0.010261261242128561
2016-04-18,1.8783358,1.8999466,1.8369151,30247256.0,1.8657295,-0.023562661379533334
2016-04-19,1.8819376,1.8873402,1.8369151,19732470.0,1.8657295,0.0
2016-04-20,1.8765353,1.8765353,1.6946446,59366668.0,1.7306625,-0.0723936669276013
2016-04-21,1.7306623,1.7486714,1.6874409,26253478.0,1.7072507,-0.013527651982983446
2016-04-22,1.6838391,1.719857,1.6820382,27614500.0,1.6982462,-0.005274269326701608
2016-04-25,1.7000468,1.7000468,1.6478207,28630404.0,1.6838388,-0.008483693353766975
2016-04-26,1.6748345,1.7018479,1.6712327,25612126.0,1.6910427,0.004278259890436065
2016-04-27,1.683839,1.7108523,1.6676308,26523336.0,1.6694318,-0.012779629988054153
2016-04-28,1.6658299,1.6856397,1.6406173,25081876.0,1.6694318,0.0
2016-04-29,1.6532238,1.6748345,1.649622,20117710.0,1.6604273,-0.005393751335034946
2016-05-03,1.6622281,1.7162551,1.6532238,42616416.0,1.7126533,0.03145334938783528
2016-05-04,1.7054497,1.7918928,1.6982461,52557730.0,1.7432686,0.017875947221775768
2016-05-05,1.752273,1.7630785,1.718056,25611494.0,1.7414676,-0.0010331167555016618
2016-05-06,1.7414677,1.7576758,1.6550245,40254710.0,1.6586264,-0.047569762423372186
2016-05-09,1.6478211,1.6478211,1.5847898,33770824.0,1.5901924,-0.041259442150444414
2016-05-10,1.5847895,1.5991967,1.5631788,21827204.0,1.5703824,-0.012457612047447886
2016-05-11,1.5829889,1.5901924,1.548772,23514148.0,1.5631791,-0.0045869719375357665
2016-05-12,1.5487715,1.5793867,1.5343643,25932228.0,1.5775858,0.009216282382485952
2016-05-13,1.5721833,1.5973959,1.5469708,27152932.0,1.561378,-0.010273799371165793
2016-05-16,1.5613779,1.5829886,1.5343645,21242418.0,1.5811877,0.012687318509675416
2016-05-17,1.5937942,1.6027986,1.5613781,25895878.0,1.5793871,-0.0011387642339996118
2016-05-18,1.5667806,1.5667806,1.5127536,26581360.0,1.5271608,-0.03306744749276469
2016-05-19,1.5307627,1.5595771,1.5271609,29673046.0,1.5343646,0.004717119506996159
2016-05-20,1.523559,1.5469707,1.5127535,18509480.0,1.5433688,0.005868357494692056
2016-05-23,1.5469708,1.6982462,1.5415682,85326920.0,1.6982462,0.10035022089341172
2016-05-24,1.754074,1.8513224,1.7396668,193520780.0,1.7954947,0.057264076315907575
2016-05-25,1.8099021,1.8099021,1.7468706,96588060.0,1.7684814,-0.015045045802697277
2016-05-26,1.7558749,1.7612776,1.6892418,83540550.0,1.7558749,-0.007128432337484614
2016-05-27,1.7468704,1.7774856,1.7324632,79459096.0,1.7558749,0.0
2016-05-30,1.7342643,1.7504723,1.7000471,54443972.0,1.7108525,-0.02564100665713709
2016-05-31,1.7126534,1.7918928,1.7126534,105362930.0,1.7900919,0.04631574025230112
2016-06-01,1.7990966,1.968381,1.7684813,190225570.0,1.9125531,0.06841056596032868
2016-06-02,1.8909423,2.1034484,1.8675307,231666560.0,2.1016474,0.0988700915022962
2016-06-03,2.089041,2.10705,2.018806,157514670.0,2.0296116,-0.03427587329825166
2016-06-06,2.036815,2.069231,2.0025978,98767080.0,2.0476203,0.008872978455582547
2016-06-07,2.0494208,2.098045,2.0260093,101382504.0,2.0908415,0.021108014996725544
2016-06-08,2.0526946,2.07086,2.0072808,93238290.0,2.02363,-0.03214566957849263
2020-06-15,3.5864732,3.6336637,3.4996428,108289480.0,3.4996428,0.7293886728305079
2020-06-16,3.5845852,3.635551,3.5506082,96156280.0,3.6185625,0.033980525098161296
2020-06-17,3.6766653,3.6766653,3.5242648,89766264.0,3.5680797,-0.013951064822011472
2020-06-18,3.562365,3.8595462,3.54522,194820700.0,3.817636,0.06994134688190945
2020-06-19,3.830971,4.114817,3.829066,237266660.0,4.095767,0.0728542480215506
2020-06-22,4.086242,4.143392,4.038617,169091120.0,4.095767,0.0
2020-06-23,4.1472025,4.168157,3.9948015,119898920.0,4.069097,-0.006511600879639978
2020-06-24,4.069097,4.124342,4.019567,102058296.0,4.069097,0.0
2020-06-29,4.032902,4.048142,3.9281266,101138270.0,3.9681315,-0.024812753296370227
2020-06-30,4.051952,4.2195926,4.0138516,147046320.0,4.1605372,0.04848773282841057
2020-07-01,4.099577,4.1605372,4.021472,110382930.0,4.124342,-0.008699645805354095
2020-07-02,4.122437,4.3548484,4.0824323,184600320.0,4.301508,0.04295618549577118
2020-07-03,4.2672176,4.2957926,4.1853023,133471384.0,4.274838,-0.006200151202787496
2020-07-06,4.305318,4.4939137,4.2862678,168945680.0,4.4577184,0.04278066209760478
2020-07-07,4.5891643,4.6767945,4.4310484,180209230.0,4.4558134,-0.00042734866338789423
2020-07-08,4.4939137,4.602499,4.4424787,142315920.0,4.591069,0.030354861808171707
2020-07-09,4.554874,4.80062,4.537729,152714270.0,4.756805,0.0360996534793967
2020-07-10,4.7548995,4.798715,4.629169,123772264.0,4.6767945,-0.016820218613123772
2020-07-13,4.667269,4.8406253,4.644409,150514580.0,4.8120503,0.028920620737131086
2020-07-14,4.768235,4.798715,4.4253335,218280000.0,4.5186787,-0.06096602938668372
2020-07-15,4.591069,4.6405993,4.2672176,212284700.0,4.303413,-0.04763908086671442
2020-07-16,4.370088,4.505344,4.090052,194774530.0,4.1186275,-0.042939290279599085
2020-07-17,4.137677,4.2005424,3.9986117,141410420.0,4.057667,-0.014801168593178038
2020-07-20,4.141487,4.1662526,4.006232,121535490.0,4.1491075,0.022535240077611096
2020-07-21,4.1529174,4.181493,4.019567,119623420.0,4.1186275,-0.007346158179801443
2020-07-22,4.116722,4.2653127,4.048142,127509480.0,4.1891127,0.017113759377365367
2020-07-23,4.124342,4.1643476,3.9719417,114139800.0,4.067192,-0.029104182372558185
2020-07-24,4.019567,4.1033874,3.7909658,117268664.0,3.8385909,-0.05620612452030804
2020-07-27,3.844306,3.8957415,3.7738206,80664630.0,3.810016,-0.00744411184843885
2020-07-28,3.850021,4.065287,3.8481162,106180000.0,3.9814665,0.04499994225746029
2020-07-29,3.9471762,4.116722,3.9433665,104906800.0,4.112912,0.03301434283071325
2020-07-30,4.1262474,4.246263,4.050047,129713096.0,4.1929226,0.019453516146224592
2020-07-31,4.478674,4.612024,4.478674,100984650.0,4.612024,0.0999544804380601
2020-08-03,5.004456,5.073036,4.8768206,201700000.0,5.073036,0.09995871660685207
2020-08-04,5.1435213,5.1720967,4.8596754,365278080.0,4.9358754,-0.027037182468249932
2020-08-05,5.048271,5.1625714,4.897775,233458740.0,5.031126,0.019297610308396607
2020-08-06,5.008266,5.349262,4.9625454,232366800.0,5.1435213,0.022339989099855462
2020-08-07,5.105421,5.2311516,4.9149203,185338430.0,5.071131,-0.014074074117278235
2020-08-10,4.798715,4.80824,4.564399,294963200.0,4.564399,-0.09992484911156907
2020-08-11,4.648219,4.75871,4.572019,195265980.0,4.572019,0.0016694421324692232
2020-08-12,4.6786995,4.737755,4.4881988,160925970.0,4.70537,0.02916676418011388
2020-08-13,4.76252,4.775855,4.514869,121432640.0,4.533919,-0.0364373046115396
2020-08-14,4.570114,4.6958447,4.543444,92763220.0,4.6786995,0.03193274957051484
2020-08-17,4.68632,4.7720447,4.6044044,113040470.0,4.7453747,0.014250797684271177
2020-08-18,4.6844144,4.70537,4.533919,119701760.0,4.629169,-0.024488203218177906
2020-08-19,4.5796394,4.6063094,4.3815184,102319390.0,4.3815184,-0.05349785242232463
2020-08-20,4.324368,4.4596233,4.2957926,81823780.0,4.394853,0.003043374187359449
2020-08-21,4.4748635,4.602499,4.4100933,93194880.0,4.478674,0.01907253780729401
2020-08-24,4.602499,4.9263506,4.5034385,235718260.0,4.9263506,0.09995739810488558
2020-08-25,4.9263506,4.9739757,4.749185,163519570.0,4.80824,-0.023975272892676425
2020-08-26,4.794905,4.794905,4.4062834,179539540.0,4.4291434,-0.07884311099279562
2020-08-27,4.4672437,4.545349,4.4158087,80777976.0,4.5015335,0.016344040700962514
2020-08-28,4.4481936,4.543444,4.4062834,78738460.0,4.528204,0.005924758751656434
2020-08-31,4.585354,4.617739,4.4558134,83623680.0,4.4558134,-0.015986603077069672
2020-09-01,4.339608,4.572019,4.326273,100681470.0,4.507249,0.011543481600912564
2020-09-02,4.554874,4.6520295,4.5015335,95723170.0,4.552969,0.010143659691310702
2020-09-03,4.4939137,4.505344,4.3967586,73099500.0,4.4177136,-0.029707076854685432
2020-09-04,4.253883,4.349133,4.1738725,96695040.0,4.326273,-0.02069862564200642
2020-09-07,4.2881727,4.3815184,4.1929226,61650464.0,4.227213,-0.02289730675803392
2020-09-08,4.2481675,4.282458,4.143392,54489260.0,4.2367377,0.0022531866740569395
2020-09-09,4.1929226,4.1929226,4.027187,59183676.0,4.105292,-0.031025215462359035
2020-09-10,4.234833,4.4005685,4.1510124,112925240.0,4.2195926,0.027842258236442152
2020-09-11,4.2367377,4.3796134,4.1186275,77361464.0,4.358658,0.0329570679406348
2020-09-14,4.4539084,4.4881988,4.358658,90695304.0,4.4767685,0.027097904905592607
2020-09-15,4.4043784,4.533919,4.326273,111919390.0,4.5205836,0.00978721593488685
2020-09-16,4.524394,4.526299,4.337703,87789870.0,4.3548484,-0.03666234598559359
2020-09-17,4.2691226,4.322463,4.1643476,84308910.0,4.2615027,-0.021434890821916963
2020-09-18,4.2481675,4.505344,4.229118,108317416.0,4.4901037,0.053643284093190635
2020-09-21,4.4958186,4.6044044,4.4481936,83987980.0,4.499629,0.002121398666137697
2020-09-22,4.486294,4.714895,4.4596233,114879820.0,4.549159,0.011007574180004864
2020-09-23,4.551064,4.6386943,4.512964,64182390.0,4.583449,0.0075376569603302634
2020-09-24,4.507249,4.6082144,4.4710536,65272188.0,4.528204,-0.012053150367768994
2020-09-25,4.552969,4.7091794,4.549159,107437780.0,4.629169,0.022296919485076394
